0,brazilian tourists are rude,2016-04-27 21:46:16,brazilian why are tourists ,com,en,google
1,brazilian tourists,2016-04-27 21:46:16,brazilian why are tourists ,com,en,google
2,brazilian tourists orlando,2016-04-27 21:46:16,brazilian why are tourists ,com,en,google
3,brazilian tourists disney world,2016-04-27 21:46:16,brazilian why are tourists ,com,en,google
4,brazilian tourists in usa,2016-04-27 21:46:16,brazilian why are tourists ,com,en,google
5,brazilian tourists disney,2016-04-27 21:46:16,brazilian why are tourists ,com,en,google
6,brazilian tourists in florida,2016-04-27 21:46:16,brazilian why are tourists ,com,en,google
7,brazilian tourists attractions,2016-04-27 21:46:16,brazilian why are tourists ,com,en,google
8,brazilian tourists in miami,2016-04-27 21:46:16,brazilian why are tourists ,com,en,google
9,brazilian tourists in new york,2016-04-27 21:46:16,brazilian why are tourists ,com,en,google
10,brazilian tourists in europe,2016-04-27 21:46:16,brazilian why are tourists ,com,en,google
11,brazilian tourists in the us,2016-04-27 21:46:16,brazilian why are tourists ,com,en,google
12,brazilian tourists profile,2016-04-27 21:46:16,brazilian why are tourists ,com,en,google
13,brazilian tourists abroad,2016-04-27 21:46:16,brazilian why are tourists ,com,en,google
14,brazilian tourists in nyc,2016-04-27 21:46:16,brazilian why are tourists ,com,en,google
15,brazilian tourists in france,2016-04-27 21:46:16,brazilian why are tourists ,com,en,google
16,brazilian tourists in america,2016-04-27 21:46:16,brazilian why are tourists ,com,en,google
17,brazilian tourists to uk,2016-04-27 21:46:16,brazilian why are tourists ,com,en,google
18,brazilian tourists in argentina,2016-04-27 21:46:16,brazilian why are tourists ,com,en,google
0,brazilian tourists are rude,2016-04-27 21:46:16,brazilian why tourists are ,com,en,google
0,brazilian tourists,2016-04-27 21:46:17,brazilian are why tourists ,com,en,google
1,brazilian tourists rude,2016-04-27 21:46:17,brazilian are why tourists ,com,en,google
2,brazilian tourists orlando,2016-04-27 21:46:17,brazilian are why tourists ,com,en,google
3,brazilian tourists disney world,2016-04-27 21:46:17,brazilian are why tourists ,com,en,google
4,brazilian tourists in usa,2016-04-27 21:46:17,brazilian are why tourists ,com,en,google
5,brazilian tourists disney,2016-04-27 21:46:17,brazilian are why tourists ,com,en,google
6,brazilian tourists in florida,2016-04-27 21:46:17,brazilian are why tourists ,com,en,google
7,brazilian tourists attractions,2016-04-27 21:46:17,brazilian are why tourists ,com,en,google
8,brazilian tourists in miami,2016-04-27 21:46:17,brazilian are why tourists ,com,en,google
9,brazilian tourists in new york,2016-04-27 21:46:17,brazilian are why tourists ,com,en,google
10,brazilian tourists in europe,2016-04-27 21:46:17,brazilian are why tourists ,com,en,google
11,brazilian tourists in the us,2016-04-27 21:46:17,brazilian are why tourists ,com,en,google
12,brazilian tourists profile,2016-04-27 21:46:17,brazilian are why tourists ,com,en,google
13,brazilian tourists abroad,2016-04-27 21:46:17,brazilian are why tourists ,com,en,google
14,brazilian tourists in nyc,2016-04-27 21:46:17,brazilian are why tourists ,com,en,google
15,brazilian tourists in france,2016-04-27 21:46:17,brazilian are why tourists ,com,en,google
16,brazilian tourists in america,2016-04-27 21:46:17,brazilian are why tourists ,com,en,google
17,brazilian tourists to uk,2016-04-27 21:46:17,brazilian are why tourists ,com,en,google
18,brazilian tourists in argentina,2016-04-27 21:46:17,brazilian are why tourists ,com,en,google
0,brazilian tourists are rude,2016-04-27 21:46:17,brazilian tourists why are ,com,en,google
0,brazilian tourists are rude,2016-04-27 21:46:18,tourists brazilian why are ,com,en,google
